"results_section","main_story","supplementary_items"
"3.1","Discovery cohort and dataset","Table S1; Figure S1"
"3.2","Broad and robust blood transcriptomic response","Table S2; Table S3; Figure S2"
"3.3","SRS and CTS blood transcriptomic heterogeneity","Table S4; Figure S3"
"3.4","Biology-guided five-gene host-response signature","Table S5; Table S6; Figure S4"
"3.5","Five-gene score recapitulates SRS and CTS structure","Table S4; Table S6"
"3.6","Clinical associations and systemic inflammation","Table S7; Figure S5"
"3.7","Published transcriptomic signatures converge on a shared host-response axis","Table S8; Figure S6"
"3.8","External evaluation in GSE154918","Table S9; Figure S7"
"3.9","External organ-dysfunction-severity replication in GSE185263","Table S10; Figure S8"
